INSERT INTO person VALUES ('1000001', 'Christa Page', 'cpagepassword', 'cpage@iastate.edu','admin','cpage' );
INSERT INTO person VALUES ('1000002', 'John Saine', 'jsainepassword', 'jsaine@iastate.edu','admin','jsaine' );
INSERT INTO person VALUES ('1000003', 'Frances Ugarte', 'fugartepassword', 'fugarte@iastate.edu','admin','fugarte' );
INSERT INTO person VALUES ('1000004', 'Nannie Pebbles', 'npebblespassword', 'npebbles@iastate.edu','admin','npebbles' );
INSERT INTO person VALUES ('1000005', 'Roland Cruz', 'rcruzpassword', 'rcruz@gmail.com','admin','rcruz' );
INSERT INTO person VALUES ('1000006', 'Bertha David', 'bdavidpassword', 'bdavid@gmail.com','admin','bdavid' );
INSERT INTO person VALUES ('2000001', 'Kristi Davis', 'kdavispassword', 'kdavis@gmail.com','professor','kdavis' );
INSERT INTO person VALUES ('2000002', 'Willard Adams', 'wadamspassword', 'wadams@gmail.com','professor','wadams' );
INSERT INTO person VALUES ('2000003', 'David Jones', 'djonespassword', 'djones@gmail.com','professor','djones' );
INSERT INTO person VALUES ('2000004', 'Fernando Washington', 'fwashingtonpassword', 'fwashington@gmail.com','professor','fwashington' );
INSERT INTO person VALUES ('2000005', 'Dorothy Damian', 'ddamianpassword', 'ddamian@gmail.com','professor','ddamian' );
INSERT INTO person VALUES ('2000006', 'Doris Thomas', 'dthomaspassword', 'dthomas@gmail.com','student','dthomas' );
INSERT INTO person VALUES ('3000001', 'Linda Bonner', 'lbonnerpassword', 'lbonner@gmail.com','student','lbonner' );
INSERT INTO person VALUES ('3000002', 'Mozelle Craig', 'mcraigpassword', 'mcraig@gmail.com','student','mcraig' );
INSERT INTO person VALUES ('3000003', 'James Hurtado', 'jhurtadopassword', 'jhurtado@gmail.com','student','jhurtado' );
INSERT INTO person VALUES ('3000004', 'Charles Thomas', 'cthomaspassword', 'cthomas@gmail.com','student','cthomas' );
INSERT INTO person VALUES ('3000005', 'Shane Wroten', 'swrotenpassword', 'swroten@gmail.com','student','swroten' );
INSERT INTO person VALUES ('3000006', 'Edward Bianco', 'ebiancopassword', 'ebianco@gmail.com','student','ebianco' );

INSERT INTO Admin VALUES ('1000001');
INSERT INTO Admin VALUES ('1000002');
INSERT INTO Admin VALUES ('1000003');
INSERT INTO Admin VALUES ('1000004');
INSERT INTO Admin VALUES ('1000005');
INSERT INTO Admin VALUES ('1000006');
INSERT INTO Professor VALUES ('2000001');
INSERT INTO Professor VALUES ('2000002');
INSERT INTO Professor VALUES ('2000003');
INSERT INTO Professor VALUES ('2000004');
INSERT INTO Professor VALUES ('2000005');
INSERT INTO Professor VALUES ('2000006');
INSERT INTO Student VALUES ('3000001');
INSERT INTO Student VALUES ('3000002');
INSERT INTO Student VALUES ('3000003');
INSERT INTO Student VALUES ('3000004');
INSERT INTO Student VALUES ('3000005');
INSERT INTO Student VALUES ('3000006');
